	Proto-Sinaitic 	IPA value 	reconstructed name 	Proto-Canaanite 	Phoenician 	Paleo-Hebrew 	Aramaic 	Hebrew 	Other*
F1
	Aleph 	/ʔ/ 	ʾalpu → ʾalp "ox" 	Aleph 	Aleph 	Aleph 	Aleph.svg 	א 	Greek Alpha 03.svg Α 𐌀 A
O1
	Bet 	/b/ 	baytu → bayt "house" 	Bet 	Beth 	Bet 	Beth.svg 	ב 	Greek Beta 16.svg Β 𐌁 B
T14
	Gimel 	/g/ 	gamlu → gaml "throwstick" 	Gimel 	Gimel 	Gimel 	Gimel.svg 	ג 	Greek Gamma 03.svg Γ C G
K1
K2
	Dalet 	/d/ 	diggu → dag "fish" 	Dalet 	Dalet 	Dalet 	Daleth.svg 	ד 	Greek Delta 04.svg Δ 𐌃 D
A28
	Heh 	/h/ 	haw/hallu → haw/hillul "praise" 	He 	He 	Heh 	He0.svg 	ה 	Greek Epsilon archaic.svg Ε 𐌄 E
G43
	Waw 	/w/ 	wāwu → waw/uph "fowl" 	Waw 	Waw 	Waw 	Waw.svg 	ו 	Greek Digamma normal.svg Greek Upsilon normal.svg Ϝ Υ 𐌅 𐌖 F U W V
Z4
	Zayin 	/z/ 	zaynu → zayn "sword" 	Zayin 	Zayin 	Zayin 	Zayin.svg 	ז 	Greek Zeta archaic.svg Z I Z 𐌆
/ð/ 	ḏiqqu → ḏiqq "manacle" 	ProtoZiqq.svg
O6
N24
V28
	Ḥet 	/ħ/ 	ḥasir → ḥaṣr "courtyard" 	Heth 	Ḥet 	Ḥet 	Heth.svg 	ח‬ 	Greek Eta 08.svg Greek Eta square-2-bars.svg Greek Heta 08.svg Η H 𐌇
V28
	/x/ 	ḫaytu → ḫayt "thread" 	Heth
F35
	Ṭet 	/tˤ/ 	ṭaytu → ṭab "good" 	Teth 	Ṭet 	Ṭet 	Teth.svg 	ט‬ 	Greek Theta archaic.svg Greek Theta 08.svg Greek Heta 08.svg ϴ Ð 𐌈
D36
	Yad Yad 	/j/ 	yadu → yad "hand" 	Yodh 	Yad 	Yad 	Yod.svg 	י 	Greek Iota normal.svg Ι 𐌉 IJY
D46
	Khof 	/k/ 	kapu → kap "palm" 	Kaph 	Kaph 	Khof 	Kaph.svg 	כ, ך 	Greek Kappa normal.svg Κ 𐌊 K
U20
	Lamed 	/l/ 	lamdu → lamd "goad" 	Lamedh 	Lamed 	Lamed 	Lamed.svg 	ל 	Greek Lambda 06.svg Greek Lambda normal.svg Λ 𐌋 L ϟ
N35
	Mem 	/m/ 	mayim → maym "water" 	Mem 	Mem 	Mem 	Mem.svg 	מ, ם 	Greek Mu 04.svg Μ 𐌌 M
I10
	Nun 	/n/ 	naḥšu → naḥš "snake" 	Nun 	Nun 	Nun 	Nun.svg 	נ, ן 	Greek Nu 01.svg Ν 𐌍 N
R11
	Samekh Samekh 	/s/ 	ṡamku → ṡamk "peg" 	Samech 	Samekh 	Nun 	Samekh.svg 	ס 	Greek Xi archaic.svg Greek Xi 05.svg 𐌎
D4
	Ayin 	/ʕ/ 	ʿaynu → ʿayn "eye" 	Ayin 	Ayin 	Ayin 	Ayin.svg 	ע 	Greek Omicron 04.svg Ο 𐌏 O
V28
	𓎛 Ghayn 	/ɣ/ 	ġayʿmu → ġaʿ "eternity" 	Ghayn 	غ 𐎙
D21
	Pe (letter) 	/p/ 	piʿtu → pʿit "corner" 	Pe 	Pe (letter) 	Pe (letter) 	Pe0.svg 	פ, ף 	Greek Pi archaic.svg Greek Pi normal.svg Π P 𐌐
M22
	Tsade Tsade Tsade 	/sˤ/ 	ṣadu → ṣad "plant" 	Tsade 	Tsade 	Tsadi 	Sade 1.svg Sade 2.svg 	צ, ץ 	Greek Mu 06.svg Greek San straight.svg Ϻ ϡ M 𐌑 𐎕
O34
	Qoph 	/kˤ/ or /q/ 	qupu → qup "needle/nape/monkey" 	Qoph 	Qoph 	Qoph 	Qoph.svg 	ק 	Greek Koppa strikethrough.svg Greek Koppa normal.svg Ϙ Greek Phi 05.svg Greek Phi normal.svg Φ Q 𐌘
D1
D19
	Resh 	/r/ 	raʾsu → roʾš "head" 	Resh 	Res 	Resh 	Resh.svg 	ר 	Greek Rho pointed.svg Greek Rho 03.svg Ρ 𐌓 R
N6
	Shin 	/ʃ/ 	šims → šimš "sun" 	Shin 	Shin 	Shin 	Shin.svg 	שׁ‬ 	Greek Sigma 04.svg Σ 𐌔 S
M39
M40
M41
	Shin 	/ɬ/ 	sinnu → śadeh "field, land" 	שׂ‬
/θ/ 	ṯannu → ṯann "bow" 	ProtoThann.svg
Z9
	Tof 	/t/ 	tawu → tāw "mark" 	Taw 	Taw 	Tof 	Taw.svg 	ת 	Greek Tau 02.svg Τ 𐌕 T